# Lint ratchet baseline: findings that predate the ratchet, as count<TAB>lint<TAB>file.
# Written by `tools/lint/ratchet.py --update` with clippy from Rust 1.99.0. Counts only go down; never edit by hand.
1	clippy::needless_pass_by_value	crates/tsrs_ls/src/autoimport/registry.rs
1	clippy::needless_pass_by_value	crates/tsrs_ls/src/callhierarchy.rs
2	clippy::needless_pass_by_value	crates/tsrs_ls/src/crossproject.rs
5	clippy::needless_pass_by_value	crates/tsrs_ls/src/findallreferences.rs
6	clippy::needless_pass_by_value	crates/tsrs_ls/src/format/span.rs
2	clippy::needless_pass_by_value	crates/tsrs_ls/src/lsutil/organizeimports.rs
1	clippy::needless_pass_by_value	crates/tsrs_ls/src/lsutil/userpreferences.rs
1	clippy::needless_pass_by_value	crates/tsrs_ls/src/rename.rs
2	clippy::needless_pass_by_value	crates/tsrs_ls/src/semantictokens.rs
37	clippy::needless_pass_by_value	crates/tsrs_lsp/src/server.rs
2	clippy::needless_pass_by_value	crates/tsrs_lsproto/src/lsp.rs
2	clippy::needless_pass_by_value	crates/tsrs_modulespecifiers/src/specifiers.rs
1	clippy::needless_pass_by_value	crates/tsrs_project/src/session.rs
5	clippy::result_large_err	crates/tsrs_lsproto/src/json.rs
1	clippy::result_large_err	crates/tsrs_lsproto/src/lsp.rs
1	clippy::result_large_err	crates/tsrs_lsproto/src/lsproto_jsonrpc.rs
10	clippy::result_large_err	crates/tsrs_lsproto/src/structcodec.rs
1	dead_code	crates/tsrs_parser/src/parser_1.rs
1	unused_variables	crates/tsrs_lsp/src/dynamic_queue.rs
7	unused_variables	crates/tsrs_lsp/src/server.rs
