project,mode,variant,round,exit,instructions,cycles,rss_bytes,wall_seconds,stdout_sha256
Compiler,single,before,0,2,2139342635,610077066,59506688,0.16,3b1a9fc3bca6fb06c4981cb0ded4a6e34e838927d53e4fe3b79217a8b98804de
Compiler,single,after,0,2,2137685152,622109293,59375616,0.17,3b1a9fc3bca6fb06c4981cb0ded4a6e34e838927d53e4fe3b79217a8b98804de
Compiler,single,after,1,2,2137489407,611662197,59375616,0.16,3b1a9fc3bca6fb06c4981cb0ded4a6e34e838927d53e4fe3b79217a8b98804de
Compiler,single,before,1,2,2139327354,628040475,59506688,0.17,3b1a9fc3bca6fb06c4981cb0ded4a6e34e838927d53e4fe3b79217a8b98804de
Compiler,single,before,2,2,2139206765,610369352,59506688,0.16,3b1a9fc3bca6fb06c4981cb0ded4a6e34e838927d53e4fe3b79217a8b98804de
Compiler,single,after,2,2,2137686977,621065334,59359232,0.17,3b1a9fc3bca6fb06c4981cb0ded4a6e34e838927d53e4fe3b79217a8b98804de
Compiler,single,after,3,2,2138195441,618209778,59375616,0.17,3b1a9fc3bca6fb06c4981cb0ded4a6e34e838927d53e4fe3b79217a8b98804de
Compiler,single,before,3,2,2139640235,620034446,59490304,0.17,3b1a9fc3bca6fb06c4981cb0ded4a6e34e838927d53e4fe3b79217a8b98804de
Compiler,single,before,4,2,2139604322,619700708,59506688,0.17,3b1a9fc3bca6fb06c4981cb0ded4a6e34e838927d53e4fe3b79217a8b98804de
Compiler,single,after,4,2,2138267042,620725971,59359232,0.17,3b1a9fc3bca6fb06c4981cb0ded4a6e34e838927d53e4fe3b79217a8b98804de
Compiler,single,after,5,2,2138325531,618061652,59359232,0.17,3b1a9fc3bca6fb06c4981cb0ded4a6e34e838927d53e4fe3b79217a8b98804de
Compiler,single,before,5,2,2139907745,623247918,59523072,0.17,3b1a9fc3bca6fb06c4981cb0ded4a6e34e838927d53e4fe3b79217a8b98804de
Compiler,single,before,6,2,2139906383,623705493,59490304,0.17,3b1a9fc3bca6fb06c4981cb0ded4a6e34e838927d53e4fe3b79217a8b98804de
Compiler,single,after,6,2,2137993482,619199569,59359232,0.17,3b1a9fc3bca6fb06c4981cb0ded4a6e34e838927d53e4fe3b79217a8b98804de
Compiler,default,before,0,2,2525064846,789341549,81723392,0.07,3b1a9fc3bca6fb06c4981cb0ded4a6e34e838927d53e4fe3b79217a8b98804de
Compiler,default,after,0,2,2518970268,790975061,81395712,0.08,3b1a9fc3bca6fb06c4981cb0ded4a6e34e838927d53e4fe3b79217a8b98804de
Compiler,default,after,1,2,2523909717,808456979,81657856,0.08,3b1a9fc3bca6fb06c4981cb0ded4a6e34e838927d53e4fe3b79217a8b98804de
Compiler,default,before,1,2,2521605405,799941820,82182144,0.08,3b1a9fc3bca6fb06c4981cb0ded4a6e34e838927d53e4fe3b79217a8b98804de
Compiler,default,before,2,2,2522816401,796806473,81854464,0.08,3b1a9fc3bca6fb06c4981cb0ded4a6e34e838927d53e4fe3b79217a8b98804de
Compiler,default,after,2,2,2519367824,788967448,80576512,0.08,3b1a9fc3bca6fb06c4981cb0ded4a6e34e838927d53e4fe3b79217a8b98804de
Compiler,default,after,3,2,2523325185,798058535,81592320,0.08,3b1a9fc3bca6fb06c4981cb0ded4a6e34e838927d53e4fe3b79217a8b98804de
Compiler,default,before,3,2,2528549680,802770784,81723392,0.08,3b1a9fc3bca6fb06c4981cb0ded4a6e34e838927d53e4fe3b79217a8b98804de
Compiler,default,before,4,2,2517056702,764748012,80969728,0.08,3b1a9fc3bca6fb06c4981cb0ded4a6e34e838927d53e4fe3b79217a8b98804de
Compiler,default,after,4,2,2525573655,814599263,81641472,0.08,3b1a9fc3bca6fb06c4981cb0ded4a6e34e838927d53e4fe3b79217a8b98804de
Compiler,default,after,5,2,2511536101,774661687,81264640,0.08,3b1a9fc3bca6fb06c4981cb0ded4a6e34e838927d53e4fe3b79217a8b98804de
Compiler,default,before,5,2,2520021777,808982386,81870848,0.07,3b1a9fc3bca6fb06c4981cb0ded4a6e34e838927d53e4fe3b79217a8b98804de
Compiler,default,before,6,2,2518833988,794566902,81772544,0.07,3b1a9fc3bca6fb06c4981cb0ded4a6e34e838927d53e4fe3b79217a8b98804de
Compiler,default,after,6,2,2516992669,810180131,81870848,0.07,3b1a9fc3bca6fb06c4981cb0ded4a6e34e838927d53e4fe3b79217a8b98804de
Compiler-Unions,single,before,0,2,4819453286,1232927603,61931520,0.41,fbc021e89894e1c5c452af9a0bc4d743b6355eb20a4b4523904466f6daee549c
Compiler-Unions,single,after,0,2,4820444281,1267150327,61767680,0.61,fbc021e89894e1c5c452af9a0bc4d743b6355eb20a4b4523904466f6daee549c
Compiler-Unions,single,after,1,2,4822612229,1215300610,61767680,0.36,fbc021e89894e1c5c452af9a0bc4d743b6355eb20a4b4523904466f6daee549c
Compiler-Unions,single,before,1,2,4824227596,1211041629,61898752,0.35,fbc021e89894e1c5c452af9a0bc4d743b6355eb20a4b4523904466f6daee549c
Compiler-Unions,single,before,2,2,4819737051,1203627050,61931520,0.35,fbc021e89894e1c5c452af9a0bc4d743b6355eb20a4b4523904466f6daee549c
Compiler-Unions,single,after,2,2,4818383430,1212489302,61751296,0.35,fbc021e89894e1c5c452af9a0bc4d743b6355eb20a4b4523904466f6daee549c
Compiler-Unions,single,after,3,2,4818187018,1205552637,61767680,0.35,fbc021e89894e1c5c452af9a0bc4d743b6355eb20a4b4523904466f6daee549c
Compiler-Unions,single,before,3,2,4819803210,1205481800,61947904,0.35,fbc021e89894e1c5c452af9a0bc4d743b6355eb20a4b4523904466f6daee549c
Compiler-Unions,single,before,4,2,4819447269,1206666491,61947904,0.35,fbc021e89894e1c5c452af9a0bc4d743b6355eb20a4b4523904466f6daee549c
Compiler-Unions,single,after,4,2,4817804109,1205294666,61751296,0.35,fbc021e89894e1c5c452af9a0bc4d743b6355eb20a4b4523904466f6daee549c
Compiler-Unions,single,after,5,2,4817844286,1205896666,61767680,0.35,fbc021e89894e1c5c452af9a0bc4d743b6355eb20a4b4523904466f6daee549c
Compiler-Unions,single,before,5,2,4819847807,1205193080,61947904,0.35,fbc021e89894e1c5c452af9a0bc4d743b6355eb20a4b4523904466f6daee549c
Compiler-Unions,single,before,6,2,4819424861,1201460802,61931520,0.35,fbc021e89894e1c5c452af9a0bc4d743b6355eb20a4b4523904466f6daee549c
Compiler-Unions,single,after,6,2,4818441114,1212846155,61751296,0.35,fbc021e89894e1c5c452af9a0bc4d743b6355eb20a4b4523904466f6daee549c
Compiler-Unions,default,before,0,2,5958564726,1524958884,86163456,0.17,fbc021e89894e1c5c452af9a0bc4d743b6355eb20a4b4523904466f6daee549c
Compiler-Unions,default,after,0,2,5976379935,1529989063,85721088,0.17,fbc021e89894e1c5c452af9a0bc4d743b6355eb20a4b4523904466f6daee549c
Compiler-Unions,default,after,1,2,5953842904,1527069423,86425600,0.17,fbc021e89894e1c5c452af9a0bc4d743b6355eb20a4b4523904466f6daee549c
Compiler-Unions,default,before,1,2,5957701459,1525143466,86163456,0.17,fbc021e89894e1c5c452af9a0bc4d743b6355eb20a4b4523904466f6daee549c
Compiler-Unions,default,before,2,2,5956376979,1518520953,85950464,0.17,fbc021e89894e1c5c452af9a0bc4d743b6355eb20a4b4523904466f6daee549c
Compiler-Unions,default,after,2,2,5955441904,1516638575,85950464,0.17,fbc021e89894e1c5c452af9a0bc4d743b6355eb20a4b4523904466f6daee549c
Compiler-Unions,default,after,3,2,5954931125,1539720793,85999616,0.17,fbc021e89894e1c5c452af9a0bc4d743b6355eb20a4b4523904466f6daee549c
Compiler-Unions,default,before,3,2,5978505866,1553940597,86114304,0.17,fbc021e89894e1c5c452af9a0bc4d743b6355eb20a4b4523904466f6daee549c
Compiler-Unions,default,before,4,2,5979660485,1557209950,86179840,0.17,fbc021e89894e1c5c452af9a0bc4d743b6355eb20a4b4523904466f6daee549c
Compiler-Unions,default,after,4,2,5974384254,1553784652,85704704,0.17,fbc021e89894e1c5c452af9a0bc4d743b6355eb20a4b4523904466f6daee549c
Compiler-Unions,default,after,5,2,5977776200,1561459783,85934080,0.18,fbc021e89894e1c5c452af9a0bc4d743b6355eb20a4b4523904466f6daee549c
Compiler-Unions,default,before,5,2,5974953203,1516720710,85295104,0.18,fbc021e89894e1c5c452af9a0bc4d743b6355eb20a4b4523904466f6daee549c
Compiler-Unions,default,before,6,2,5974895656,1520994412,85458944,0.18,fbc021e89894e1c5c452af9a0bc4d743b6355eb20a4b4523904466f6daee549c
Compiler-Unions,default,after,6,2,5953331438,1506000044,85540864,0.18,fbc021e89894e1c5c452af9a0bc4d743b6355eb20a4b4523904466f6daee549c
vscode,single,before,0,2,97088725417,32722969758,1675427840,9.88,0eec59aa3b0170c0486baea9a7a42e8aed8110a40368d35504d82d2187fb05c5
vscode,single,after,0,2,97097171905,33164195050,1675329536,10.26,0eec59aa3b0170c0486baea9a7a42e8aed8110a40368d35504d82d2187fb05c5
vscode,single,after,1,2,97064644320,33121164931,1675362304,10.43,0eec59aa3b0170c0486baea9a7a42e8aed8110a40368d35504d82d2187fb05c5
vscode,single,before,1,2,98074590546,33702818209,1675444224,11.05,0eec59aa3b0170c0486baea9a7a42e8aed8110a40368d35504d82d2187fb05c5
vscode,single,before,2,2,97083602128,32795398424,1675444224,10.23,0eec59aa3b0170c0486baea9a7a42e8aed8110a40368d35504d82d2187fb05c5
vscode,single,after,2,2,97025914026,32890115240,1675329536,10.32,0eec59aa3b0170c0486baea9a7a42e8aed8110a40368d35504d82d2187fb05c5
vscode,single,after,3,2,97464927840,32905995179,1675329536,10.42,0eec59aa3b0170c0486baea9a7a42e8aed8110a40368d35504d82d2187fb05c5
vscode,single,before,3,2,97969553700,33219451189,1675444224,11.01,0eec59aa3b0170c0486baea9a7a42e8aed8110a40368d35504d82d2187fb05c5
vscode,single,before,4,2,98022696928,32874142212,1675444224,10.37,0eec59aa3b0170c0486baea9a7a42e8aed8110a40368d35504d82d2187fb05c5
vscode,single,after,4,2,98056006288,33340434010,1675362304,10.89,0eec59aa3b0170c0486baea9a7a42e8aed8110a40368d35504d82d2187fb05c5
vscode,single,after,5,2,97986656468,33049479278,1675362304,10.02,0eec59aa3b0170c0486baea9a7a42e8aed8110a40368d35504d82d2187fb05c5
vscode,single,before,5,2,97084830758,32631222694,1675476992,9.82,0eec59aa3b0170c0486baea9a7a42e8aed8110a40368d35504d82d2187fb05c5
vscode,single,before,6,2,97074053356,32743448097,1675444224,9.9,0eec59aa3b0170c0486baea9a7a42e8aed8110a40368d35504d82d2187fb05c5
vscode,single,after,6,2,98102466403,35761187598,1675329536,16.01,0eec59aa3b0170c0486baea9a7a42e8aed8110a40368d35504d82d2187fb05c5
vscode,default,before,0,2,108262672832,40624974568,2044100608,2.27,0eec59aa3b0170c0486baea9a7a42e8aed8110a40368d35504d82d2187fb05c5
vscode,default,after,0,2,107554767824,39606196030,2046083072,2.31,0eec59aa3b0170c0486baea9a7a42e8aed8110a40368d35504d82d2187fb05c5
vscode,default,after,1,2,107529016470,41017421327,2049196032,2.5,0eec59aa3b0170c0486baea9a7a42e8aed8110a40368d35504d82d2187fb05c5
vscode,default,before,1,2,108752915568,44095706292,2036514816,2.54,0eec59aa3b0170c0486baea9a7a42e8aed8110a40368d35504d82d2187fb05c5
vscode,default,before,2,2,108656840810,42752806408,2059124736,2.58,0eec59aa3b0170c0486baea9a7a42e8aed8110a40368d35504d82d2187fb05c5
vscode,default,after,2,2,107497119491,42114313137,2038808576,2.57,0eec59aa3b0170c0486baea9a7a42e8aed8110a40368d35504d82d2187fb05c5
vscode,default,after,3,2,108807924093,44828284969,2047590400,3.01,0eec59aa3b0170c0486baea9a7a42e8aed8110a40368d35504d82d2187fb05c5
vscode,default,before,3,2,107826146070,42643364686,2044952576,2.87,0eec59aa3b0170c0486baea9a7a42e8aed8110a40368d35504d82d2187fb05c5
vscode,default,before,4,2,108819305609,44636848359,2034057216,2.9,0eec59aa3b0170c0486baea9a7a42e8aed8110a40368d35504d82d2187fb05c5
vscode,default,after,4,2,107624108071,42046298778,2053390336,2.61,0eec59aa3b0170c0486baea9a7a42e8aed8110a40368d35504d82d2187fb05c5
vscode,default,after,5,2,108451137455,42213152327,2057486336,2.4,0eec59aa3b0170c0486baea9a7a42e8aed8110a40368d35504d82d2187fb05c5
vscode,default,before,5,2,108900220687,42591107752,2035384320,2.72,0eec59aa3b0170c0486baea9a7a42e8aed8110a40368d35504d82d2187fb05c5
vscode,default,before,6,2,108293587827,43841034793,2039562240,3.43,0eec59aa3b0170c0486baea9a7a42e8aed8110a40368d35504d82d2187fb05c5
vscode,default,after,6,2,108806176384,42962952375,2035417088,2.53,0eec59aa3b0170c0486baea9a7a42e8aed8110a40368d35504d82d2187fb05c5
